Month,0
1999-01-31,0.8210774193548387
1999-02-28,0.7760821428571428
1999-03-31,0.8289935483870967
1999-04-30,0.7603000000000001
1999-05-31,0.6700612903225805
1999-06-30,0.5186733333333333
1999-07-31,0.5066
1999-08-31,0.40267741935483875
1999-09-30,0.44573999999999997
1999-10-31,0.5805645161290323
1999-11-30,0.76178
1999-12-31,0.8241129032258064
2000-01-31,0.8427741935483871
2000-02-29,0.8542655172413793
2000-03-31,0.8673483870967742
2000-04-30,0.8344699999999999
2000-05-31,0.7504354838709678
2000-06-30,0.61984
2000-07-31,0.5575225806451614
2000-08-31,0.43173870967741934
2000-09-30,0.6280800000000001
2000-10-31,0.5083451612903226
2000-11-30,0.8033833333333333
2000-12-31,0.8480612903225806
2001-01-31,0.7986129032258065
2001-02-28,0.7490249999999999
2001-03-31,0.8167870967741935
2001-04-30,0.7445466666666667
2001-05-31,0.6934903225806451
2001-06-30,0.5770766666666667
2001-07-31,0.45270967741935486
2001-08-31,0.4430387096774193
2001-09-30,0.50732
2001-10-31,0.6828193548387097
2001-11-30,0.7858333333333333
2001-12-31,0.8181354838709678
2002-01-31,0.836725806451613
2002-02-28,0.8409571428571428
2002-03-31,0.8241741935483871
2002-04-30,0.7883133333333333
2002-05-31,0.7024354838709678
2002-06-30,0.58196
2002-07-31,0.4984483870967742
2002-08-31,0.386416129032258
2002-09-30,0.5084133333333333
2002-10-31,0.43903870967741937
2002-11-30,0.7227966666666666
2002-12-31,0.7647903225806452
2003-01-31,0.8483322580645162
2003-02-28,0.8306357142857143
2003-03-31,0.853874193548387
2003-04-30,0.8435699999999999
2003-05-31,0.786241935483871
2003-06-30,0.66255
2003-07-31,0.5401999999999999
2003-08-31,0.5007483870967742
2003-09-30,0.4939466666666667
2003-10-31,0.5611419354838709
2003-11-30,0.7476299999999999
2003-12-31,0.7416741935483872
2004-01-31,0.879774193548387
2004-02-29,0.8860551724137931
2004-03-31,0.8590129032258065
2004-04-30,0.8631566666666667
2004-05-31,0.8509967741935484
2004-06-30,0.7723666666666666
2004-07-31,0.6852838709677419
2004-08-31,0.4873709677419355
2004-09-30,0.34857666666666665
2004-10-31,0.5956451612903225
2004-11-30,0.7398066666666666
2004-12-31,0.8072387096774194
2005-01-31,0.849658064516129
2005-02-28,0.8203392857142857
2005-03-31,0.8520548387096774
2005-04-30,0.83958
2005-05-31,0.7802064516129031
2005-06-30,0.7110866666666666
2005-07-31,0.5583064516129033
2005-08-31,0.45738387096774197
2005-09-30,0.4577833333333333
2005-10-31,0.4160935483870968
2005-11-30,0.7622433333333334
2005-12-31,0.8354258064516129
2006-01-31,0.7857096774193548
2006-02-28,0.822525
2006-03-31,0.8550032258064516
2006-04-30,0.8426866666666667
2006-05-31,0.7564548387096773
2006-06-30,0.7030333333333334
2006-07-31,0.5500935483870968
2006-08-31,0.4573032258064516
2006-09-30,0.60451
2006-10-31,0.8071322580645162
2006-11-30,0.8354566666666667
2006-12-31,0.8251032258064516
2007-01-31,0.8453032258064516
2007-02-28,0.8765464285714285
2007-03-31,0.8247741935483871
2007-04-30,0.7918166666666667
2007-05-31,0.6989709677419355
2007-06-30,0.5962633333333333
2007-07-31,0.5078225806451613
2007-08-31,0.4149322580645161
2007-09-30,0.35505000000000003
2007-10-31,0.4640387096774194
2007-11-30,0.69872
2007-12-31,0.7925451612903226
2008-01-31,0.8062096774193548
2008-02-29,0.8305206896551725
2008-03-31,0.8591967741935485
2008-04-30,0.8373466666666667
2008-05-31,0.7960483870967742
2008-06-30,0.7476333333333334
2008-07-31,0.614083870967742
2008-08-31,0.47358387096774196
2008-09-30,0.43050333333333335
2008-10-31,0.480758064516129
2008-11-30,0.6835366666666667
2008-12-31,0.8208225806451612
2009-01-31,0.8398451612903226
2009-02-28,0.8270785714285714
2009-03-31,0.8198096774193548
2009-04-30,0.8633966666666667
2009-05-31,0.8226870967741935
2009-06-30,0.73938
2009-07-31,0.6038483870967742
2009-08-31,0.5616032258064516
2009-09-30,0.6352366666666666
2009-10-31,0.7435258064516128
2009-11-30,0.79082
2009-12-31,0.8454903225806452
2010-01-31,0.8105870967741935
2010-02-28,0.77475
2010-03-31,0.8389129032258065
2010-04-30,0.7884366666666666
2010-05-31,0.6822903225806451
2010-06-30,0.5732133333333334
2010-07-31,0.5085967741935484
2010-08-31,0.40656129032258065
2010-09-30,0.3443133333333333
2010-10-31,0.6519451612903225
2010-11-30,0.7986433333333333
2010-12-31,0.8377870967741935
2011-01-31,0.850874193548387
2011-02-28,0.8156749999999999
2011-03-31,0.8694709677419356
2011-04-30,0.8399099999999999
2011-05-31,0.7700451612903226
2011-06-30,0.6857466666666667
2011-07-31,0.5422193548387098
2011-08-31,0.39223870967741936
2011-09-30,0.32975
2011-10-31,0.739158064516129
2011-11-30,0.7858133333333334
2011-12-31,0.8582354838709677
2012-01-31,0.8626290322580644
2012-02-29,0.8320655172413793
2012-03-31,0.8121483870967742
2012-04-30,0.8112733333333334
2012-05-31,0.7767419354838709
2012-06-30,0.7185333333333334
2012-07-31,0.5508322580645162
2012-08-31,0.4691483870967742
2012-09-30,0.41361333333333333
2012-10-31,0.5166870967741936
2012-11-30,0.8370866666666666
2012-12-31,0.7851935483870968
2013-01-31,0.8326903225806452
2013-02-28,0.8106142857142856
2013-03-31,0.8283516129032258
2013-04-30,0.8461133333333333
2013-05-31,0.7478032258064515
2013-06-30,0.7225666666666667
2013-07-31,0.5462096774193549
2013-08-31,0.43041612903225807
2013-09-30,0.48773
2013-10-31,0.6456967741935484
2013-11-30,0.7101633333333334
2013-12-31,0.8503774193548387
2014-01-31,0.7785709677419355
2014-02-28,0.7549607142857143
2014-03-31,0.841516129032258
2014-04-30,0.8318666666666666
2014-05-31,0.7229806451612903
2014-06-30,0.66586
2014-07-31,0.5474451612903226
2014-08-31,0.39972903225806455
2014-09-30,0.38819333333333333
2014-10-31,0.47494838709677417
2014-11-30,0.7404133333333333
2014-12-31,0.8189064516129032
2015-01-31,0.6844129032258064
2015-02-28,0.7856285714285713
2015-03-31,0.8343354838709678
2015-04-30,0.84501
2015-05-31,0.8041419354838709
2015-06-30,0.6855633333333333
2015-07-31,0.5532322580645161
2015-08-31,0.40565483870967745
2015-09-30,0.3685466666666667
2015-10-31,0.41355806451612903
2015-11-30,0.70847
2015-12-31,0.7312709677419355
2016-01-31,0.8715774193548388
2016-02-29,0.8033275862068966
2016-03-31,0.8217451612903226
2016-04-30,0.6795399999999999
2016-05-31,0.5752741935483872
2016-06-30,0.49398666666666663
2016-07-31,0.44175806451612903
2016-08-31,0.4326322580645161
2016-09-30,0.4277366666666667
2016-10-31,0.6137032258064515
2016-11-30,0.7751366666666667
2016-12-31,0.8041838709677419
2017-01-31,0.7658290322580645
2017-02-28,0.8358285714285715
2017-03-31,0.7703032258064516
2017-04-30,0.7588233333333334
2017-05-31,0.6802645161290323
2017-06-30,0.5661833333333333
2017-07-31,0.4988580645161291
2017-08-31,0.36539354838709676
2017-09-30,0.36406333333333335
2017-10-31,0.4315806451612903
2017-11-30,0.7895
2017-12-31,0.8310032258064516
2018-01-31,0.7871290322580645
2018-02-28,0.83655
2018-03-31,0.8250967741935483
2018-04-30,0.8366766666666667
2018-05-31,0.7025225806451613
2018-06-30,0.5887833333333333
2018-07-31,0.4764612903225806
2018-08-31,0.4478645161290322
2018-09-30,0.4304233333333333
2018-10-31,0.6869548387096774
2018-11-30,0.8291233333333333
2018-12-31,0.8110322580645161
2019-01-31,0.7415451612903226
2019-02-28,0.7827464285714286
2019-03-31,0.8457709677419355
2019-04-30,0.8299733333333333
2019-05-31,0.7680645161290324
2019-06-30,0.6531199999999999
2019-07-31,0.5028548387096774
2019-08-31,0.43214516129032254
2019-09-30,0.34853666666666666
2019-10-31,0.49160967741935485
2019-11-30,0.6895666666666667
2019-12-31,0.7772161290322581
2020-01-31,0.8174967741935484
2020-02-29,0.8439655172413794
2020-03-31,0.8554193548387097
2020-04-30,0.85133
2020-05-31,0.7847387096774194
2020-06-30,0.7058166666666668
2020-07-31,0.5762903225806452
2020-08-31,0.4790516129032258
2020-09-30,0.3988933333333333
2020-10-31,0.6046806451612904
2020-11-30,0.7440866666666667
2020-12-31,0.7180612903225806
2021-01-31,0.7084612903225807
2021-02-28,0.8258071428571429
2021-03-31,0.7732645161290322
2021-04-30,0.7347133333333333
2021-05-31,0.6303225806451612
2021-06-30,0.5699766666666667
2021-07-31,0.4448451612903226
2021-08-31,0.43846451612903226
2021-09-30,0.3307966666666667
2021-10-31,0.6237258064516129
2021-11-30,0.8028099999999999
2021-12-31,0.8457677419354838
2022-01-31,0.8430322580645161
2022-02-28,0.8517892857142858
2022-03-31,0.7855193548387096
2022-04-30,0.6862933333333333
2022-05-31,0.5852709677419354
2022-06-30,0.49656666666666666
2022-07-31,0.48306774193548385
2022-08-31,0.39508709677419357
2022-09-30,0.45919000000000004
2022-10-31,0.5146451612903226
2022-11-30,0.7340166666666667
2022-12-31,0.8523
2023-01-31,0.8403483870967742
2023-02-28,0.7535178571428572
2023-03-31,0.7574870967741936
2023-04-30,0.7605766666666667
2023-05-31,0.6005096774193548
2023-06-30,0.5211733333333333
2023-07-31,0.4604645161290323
2023-08-31,0.4226548387096774
2023-09-30,0.44525333333333333
2023-10-31,0.5787645161290322
2023-11-30,0.55421
2023-12-31,0.6169193548387097
2024-01-31,0.8102161290322581
2024-02-29,0.7997137931034483
2024-03-31,0.7603935483870967
2024-04-30,0.7040733333333333
2024-05-31,0.46398709677419353
2024-06-30,0.48114666666666667
2024-07-31,0.39941290322580647
2024-08-31,0.36561935483870966
2024-09-30,0.29317333333333334
2024-10-31,0.600583870967742
2024-11-30,0.8118099999999999
2024-12-31,0.7634129032258065
2025-01-31,0.7945129032258065
2025-02-28,0.661225
2025-03-31,0.6086516129032259
2025-04-30,0.6798066666666667
2025-05-31,0.5366290322580646
2025-06-30,0.5575399999999999
2025-07-31,0.44671935483870967
2025-08-31,0.35270967741935483
2025-09-30,0.36418666666666666
2025-10-31,0.46552258064516133
2025-11-30,0.6133233333333333
2025-12-31,0.7737258064516128
2026-01-31,0.7557806451612904
2026-02-28,0.791325
2026-03-31,0.7708516129032258
2026-04-30,0.6702999999999999
